video_id,duration_seconds_x,frame_rate,has_music,has_speech,has_persuasive,video_timestamp,video_duration,video_locationcreated,video_diggcount,video_sharecount,video_commentcount,video_playcount,video_description_x,video_is_ad,video_stickers,author_username,author_name,author_followercount,author_followingcount,author_heartcount,author_videocount,author_diggcount,author_verified,poi_name,poi_address,poi_city,view_count,comment_count,create_time,hashtag_names,music_id,region_code,share_count,voice_to_text,like_count,username,video_description_y,playlist_id,effect_ids,tiktokurl,utc_year,utc_month,utc_day,utc_hour,utc_minute,utc_second,utc_date_string,utc_time_string,audio_file_path,whisper_voice_to_text,duration_seconds_y,scene_cut_count,frame_duration_mean,frame_duration_std,frame_duration_min,frame_duration_max,avg_motion_magnitude,has_multimodal_overload,volume_mean,volume_std,volume_min,volume_max,multimodal_score,is_persuasive,is_original_sound
7353052558224526635,28.0,30.5357142857143,True,True,False,2024-04-01T16:59:29,28,US,11,0,3,282,#westonmckennie...,False,,pjaegaming,Pjae Gaming,459,5940,7390,276,190300,False,,,,282.0,3.0,1712015969.0,"['soccer', 'fifa', 'mexico', 'texas', 'trump', 'politics', 'fyp', 'series', 'greenscreen', 'histroy', 'democrat', 'liga', 'seriea', 'joebiden', 'usmnt', 'westonmckennie', 'usağŸ‡ºğŸ‡¸', 'usa_tiktok', 'foodtack', 'eafifa']",7.35305261004523e+18,US,0.0,,11.0,pjaegaming,#westonmckennie #eafifa #fifa #usağŸ‡ºğŸ‡¸ #trump #trump #politics #histroy #soccer #texas #usmnt #foodtack #joebiden #liga #seriea #series #fyp #democrat #greenscreen #liga #soccer #usa_tiktok #mexico ,,,https://www.tiktok.com/@pjaegaming/video/7353052558224526635,2024,4,1,23.0,59.0,29.0,2024-04-01,23:59:29,./audio_files/@pjaegaming_video_7353052558224526635.mp3, Let's go! Let's go! Let's go! Let's go! Let's go! Rest in me Kenny! Let's go! Rest in me Kenny! I got you! Let's go! Hello! The merging!,28.0,10,33.33,0.0,33.33,33.33,3.7089,True,0.0963,0.1036,0.0,0.4442,1.0,False,False
7353052462183550254,20.0,23.95,True,True,False,2024-04-01T16:59:08,20,US,82,4,15,676,#BeautifulThings...,False,Now available in the link in my bio,dees_kustom_tees,DeesKustomTees,12400,2083,138800,646,4872,False,,,,645.0,15.0,1712015948.0,"['beautifulthings', 'makeamericagreatagain', 'womenstanktop', 'takingamericaback', 'womenstanktops', 'grab2024bythepshirt', 'grab2024bythepwomenstanktop']",7.32466460904529e+18,US,4.0,,82.0,dees_kustom_tees,#BeautifulThings #grab2024bythepshirt #Grab2024ByThePwomensTankTop #WomensTankTops #WomensTankTop #MakeAmericaGreatAgain #TakingAmericaBack,,['205164'],https://www.tiktok.com/@dees_kustom_tees/video/7353052462183550254,2024,4,1,23.0,59.0,8.0,2024-04-01,23:59:08,./audio_files/@dees_kustom_tees_video_7353052462183550254.mp3, This beautiful thing that I've got is Stay I want you and need your old gun Go Take This beautiful thing that I've got Oh,20.0,3,43.11,19.62,33.61,302.52,1.7613,True,0.1584,0.0447,0.0003,0.3069,1.0,False,False
7353052410530581803,44.0,30.0,True,True,False,2024-04-01T16:58:57,44,US,209,7,1,4634,No tubaâ€™s were harmed...,False,Sir Duke,robbiesee33,Robbie See,1280,257,67200,151,1075,False,,,,3972.0,1.0,1712015937.0,"['steviewonder', 'fail', 'music', 'tuba', 'trumpet', 'brass', 'sirduke', 'trombone']",7.3530524687307e+18,US,7.0,,197.0,robbiesee33,No tubaâ€™s were harmed in the making of this video #steviewonder #sirduke #music #brass #trombone #trumpet #tuba #fail ,,,https://www.tiktok.com/@robbiesee33/video/7353052410530581803,2024,4,1,23.0,58.0,57.0,2024-04-01,23:58:57,./audio_files/@robbiesee33_video_7353052410530581803.mp3," I can't wait. You two better, one, two, three. I can't wait. You two better, one, two, three. I can't wait. I can't wait. I can't wait. You two better, one, two, three. I can't wait. I can't wait. You two better, one, two, three. I can't wait. You two better, one, two, three. I can't wait. ê·€ì—¬y. Much nicer. Looks nicer. Mash outside. This guy is silly. I'm sorry. Do you get the guy ordered for a movie? Cowardly.",44.0,0,33.33,0.0,33.33,33.33,0.1174,True,0.0383,0.0335,0.0001,0.1736,0.75,False,False
7353052306167893278,13.0,27.3846153846154,True,True,True,2024-04-01T16:58:36,13,US,72,1,0,21600,"Someday, Iâ€™ll take a picture...",False,,graciebirkphoto,Gracie Birk Photography,1555,765,225500,114,13900,False,Burning MAN Office,"390 Main St, Gerlach, United States",Gerlach,21585.0,0.0,1712015916.0,"['festivaloutfits', 'festivalfashion', 'pnwphotographer', 'oregonseniorphotographer', 'portlandseniorphotos', 'burningmanoutfits', 'burningman2025', 'eugeneseniorphotos', 'portralndphotographer', 'corvallisseniorphotos']",7.34920692870039e+18,US,1.0,,70.0,graciebirkphoto,"Someday, Iâ€™ll take a picture that looks just like this one, and the big, bold wordâ€ VOUGEâ€ will be sitting right on top of it, chillin.â  â  Just. You. Wait.â  Follow @graciebirkphoto for more! â  .â  .â  .â  .â  .â  .â  .â  .â  .â  .â  -â  Hats & Styling: @rhiya_usaâ  Hair Stylist: @jessblanchard.hair  .â  keywords: Burning Man, festival, inspo, portrait, sand, dunes, dessert portraits, festival outfit inspo, festival fashion, cinematic, editorial, seniorâ , vouge, magazineâ  .â  #festivaloutfits #burningmanoutfits #festivalfashion #burningman2025 #portralndphotographer #oregonseniorphotographer #pnwphotographer #corvallisseniorphotos #eugeneseniorphotos #portlandseniorphotos",,,https://www.tiktok.com/@graciebirkphoto/video/7353052306167893278,2024,4,1,23.0,58.0,36.0,2024-04-01,23:58:36,./audio_files/@graciebirkphoto_video_7353052306167893278.mp3, Think I'll take my worst skin leave I'll call it back in my bedroom You're too sweet for me,13.0,9,36.81,10.19,33.33,66.67,0.552,True,0.2318,0.0843,0.0002,0.5453,0.75,False,False
7353052256767429930,37.0,30.4594594594595,True,True,False,2024-04-01T16:58:23,37,US,95,4,1,880,Just some happy kagari noise...,False,,xxx.purechildxxx_,â™± Noah â™±,236,10000,1917,61,250900,False,,,,854.0,1.0,1712015903.0,['blackrockshooter'],7.35305230647409e+18,US,4.0,,95.0,xxx.purechildxxx_,Just some happy kagari noise #blackrockshooter ,,,https://www.tiktok.com/@xxx.purechildxxx_/video/7353052256767429930,2024,4,1,23.0,58.0,23.0,2024-04-01,23:58:23,./audio_files/@xxx.purechildxxx__video_7353052256767429930.mp3,ã¯ã˜ã‚ã‚“ã¯ã˜ã‚ã‚“ã¯ã˜ã‚ã‚“ã¯ã˜ã‚ã‚“ã¯ã˜ã‚ã‚“ã¯ã˜ã‚ã‚“ã¯ã˜ã‚ã‚“ã¯ã˜ã‚ã‚“ã¯ã˜ã‚ã‚“ã¯ã˜ã‚ã‚“ã¯ã˜ã‚ã‚“ã¯ã˜ã‚ã‚“ã¯ã˜ã‚ã‚“ã¯ã˜ã‚ã‚“ã¯ã˜ã‚ã‚“ã¯ã˜ã‚ã‚“ã¯ã˜ã‚ã‚“ã¯ã˜ã‚ã‚“ã¯ã˜ã‚ã‚“ã¯ã˜ã‚ã‚“ã¯ã˜ã‚ã‚“ã¯ã˜ã‚ã‚“ã¯ã˜ã‚ã‚“ã¯ã˜ã‚ã‚“ã¯ã˜ã‚ã‚“ã¯ã˜ã‚ã‚“ã¯ã˜ã‚ã‚“ã¯ã˜ã‚ã‚“ã¯ã˜ã‚ã‚“ã¯ã˜ã‚ã‚“ã¯ã˜ã‚ã‚“ã¯ã˜ã‚ã‚“ã¯ã˜ã‚ã‚“ã¯ã˜ã‚ã‚“ã¯ã˜ã‚ã‚“ã¯ã˜ã‚ã‚“ã¯ã˜ã‚ã‚“å‰²ã‚Šã¯ã˜ã‚ã‚“ã¯ã˜ã‚ã‚“ã¯ã˜ã‚ã‚“ã¯ã˜ã‚ã‚“ã¯ã˜ã‚ã‚“ã¯ã˜ã‚ã‚“ã¯ã˜ã‚ã‚“ã¯ã˜ã‚ã‚“,37.0,18,33.33,0.0,33.33,33.33,1.1751,True,0.1815,0.0592,0.0,0.3439,0.5,False,False
7353052232851541279,41.0,30.6829268292683,True,True,True,2024-04-01T16:58:21,41,US,793,14,14,9357,Happy birthday to our favorite Half-demon Inuyasha...,False,,dailyinuyasha,InuYasha Content,12500,227,442700,408,90600,False,,,,7965.0,12.0,1712015901.0,"['sango', 'anime', 'inuyasha', 'kagome', 'shippo', 'miroku', 'inukag', 'inuyashaedit', 'inuyashafinalact', 'shadowbanned', 'inuyashatiktok']",7.35305226328122e+18,US,12.0,,725.0,dailyinuyasha,Happy birthday to our favorite Half-demon Inuyasha ğŸ¥° - #inuyasha #kagome #inukag #sango #miroku #shippo #inuyashafinalact #inuyashaedit  #inuyashatiktok #anime #shadowbanned ,,,https://www.tiktok.com/@dailyinuyasha/video/7353052232851541279,2024,4,1,23.0,58.0,21.0,2024-04-01,23:58:21,./audio_files/@dailyinuyasha_video_7353052232851541279.mp3," What's taking Kagome so long to get back? I thought she said she wouldn't be long this time. Well, she said she'd be at least two or three days. Patience is a virtue in Ayasha. What's your problem? You should be as worried as I am. It's not as though we only started hunting down Niraku a couple days ago. Besides Inuyasha, you could use a little rest especially after that last battle. Huh, what are you going on about, Sanko? I'm not like you weakling humans. A little battle here and there does make me tired. That's just it. We can't keep up with your energy and you shouldn't expect us to. So you're the one who's tired. Not me.",41.0,9,33.33,0.0,33.33,33.33,0.2176,True,0.0097,0.0061,0.0,0.0323,0.75,False,False
7353052154078219563,49.0,30.3061224489796,True,True,False,2024-04-01T16:57:57,49,US,104,0,35,508,Why do you want to become a U.S. citizen...,False,,red.blue_robie40,ROBIE,9187,3524,445700,6885,32900,False,,,,505.0,36.0,1712015877.0,"['mood', 'positivity', 'ruby', 'attitude', 'aprilfools', 'foryou', 'nebraska', 'filipinagirl', 'spreadloveandkindness', 'foryoupage', 'thelittlelady', 'imauscitizen', 'april1st2024', 'theasskicker', 'robie39']",6.81071948633368e+18,US,0.0,,104.0,red.blue_robie39,"â˜†â˜†â˜†Why do you want to  become a U.S. citizen in the United States? â˜†â˜†â˜† ğŸ‡ºğŸ‡²ğŸ‡ºğŸ‡²ğŸ‡ºğŸ‡²ğŸ‡ºğŸ‡²ğŸ‡ºğŸ‡²ğŸ‡ºğŸ‡²ğŸ‡ºğŸ‡²ğŸ‡ºğŸ‡²ğŸ‡ºğŸ‡²ğŸ‡ºğŸ‡²ğŸ‡ºğŸ‡² Because I love America , I love to stay and work here and want to Vote ğŸ—³  in the federal election and also contribute to the country. I'm so proud of myself ğŸ™ğŸ˜‡ğŸ˜ŠğŸ˜Š #imauscitizen ğŸ‡ºğŸ‡¸ğŸ‡ºğŸ‡¸ğŸ‡ºğŸ‡¸ #april1st2024 #aprilfools ğŸ’œğŸ’›ğŸ©µğŸ¤ğŸ©·ğŸ’š #foryou #foryoupage #filipinagirl #nebraska #theasskicker #thelittlelady #ruby #robie39 â™¥ï¸â™¥ï¸â™¥ï¸ğŸ’‹âœ¨ï¸ğŸ’«ğŸ«¶ğŸ«°âœŒï¸ğŸ‡ºğŸ‡²ğŸ‡ºğŸ‡²ğŸ‡ºğŸ‡² #spreadloveandkindness always #mood #attitude #positivity always",,,https://www.tiktok.com/@red.blue_robie39/video/7353052154078219563,2024,4,1,23.0,57.0,57.0,2024-04-01,23:57:57,./audio_files/@red.blue_robie39_video_7353052154078219563.mp3, It's fascinating.,49.0,5,33.33,0.0,33.33,33.33,1.9922,True,0.0471,0.0197,0.0,0.1257,0.5,False,False
7353052136202079530,55.0,24.3090909090909,True,True,False,2024-04-01T16:57:51,55,US,2133,848,42,12800,USA! USA! USA!,False,HOW CONGRESS,brianfrange,BRIAN FRANGE,25600,33,425500,193,438,False,Capitol Hill,"Washington, United States",,11882.0,40.0,1712015871.0,"['usa', 'vote', 'congress', 'election', 'democrat', 'republican']",7.35305220813082e+18,US,807.0,,1996.0,brianfrange,USA! USA! USA! ğŸ‡ºğŸ‡¸ğŸ‡ºğŸ‡¸ğŸ‡ºğŸ‡¸ğŸ‡ºğŸ‡¸ #usa #election #vote #congress #democrat #republican ,,,https://www.tiktok.com/@brianfrange/video/7353052136202079530,2024,4,1,23.0,57.0,51.0,2024-04-01,23:57:51,./audio_files/@brianfrange_video_7353052136202079530.mp3,"Are you a raging narcissist who wants to get paid to have temper tantrum? Join Congress and make your shit personality an integral part of our government! Now we all have to deal with your bullshit. Did your college fraternity give you a nickname that references your penis? You belong in Congress! Let's stress Robbie Rodeau with what's happening in Ukraine! Are you the type of guy that gets shushed for talking loudly during trolls' world pool? You should have the power to defund the government! No one's getting healthcare until you get a big shiny metal! The women frequently describe you as that creepy guy in the corner? You should be the one that picks our judges! Go from creep to the shortlist for V-View! Sometimes wake up screaming and don't tell anyone about it! Hold on to power until you're 97 years old! Your dementia only makes you stronger! Join Congress and you'll get to... Yeah, it marks Zuckerberg about aliens! Text everyone for money all the time, even if they say stop! Take Christmas photos we ate your oldest holding a bazooka! And much more embarrassing or shun Congress! Where we get, where we deserve!",55.0,15,41.67,0.0,41.67,41.67,1.1711,True,0.0488,0.0354,0.0001,0.2469,0.75,True,False
7353052116849593643,84.0,30.3214285714286,True,True,True,2024-04-01T16:57:49,84,US,63,3,6,399,#whoknew,False,ğŸ¤£ğŸ˜‚ğŸ¤£ğŸ˜‚,ed1971547,Ed,5659,693,214100,1340,9704,False,,,,399.0,6.0,1712015869.0,"['lmao', 'whoknew', 'thatslife', 'theworldwelivein', 'letswalktogether', 'trumpshitcrazy']",7.35305216864096e+18,US,3.0,,63.0,ed1971547,#whoknew #theworldwelivein #letswalktogether #trumpshitcrazy #thatslife #lmao ,,,https://www.tiktok.com/@ed1971547/video/7353052116849593643,2024,4,1,23.0,57.0,49.0,2024-04-01,23:57:49,./audio_files/@ed1971547_video_7353052116849593643.mp3,Shares of Trump media technology group the parent company that owns truth social have just plunged a staggering 25% today after the reported a loss that is get this 14 100% greater than their total revenue for 2023 The 6.5 billion dollar company also says that they expect to incur operating losses for their foreseeable future They brought in a dismal 4.1 million dollars in revenue all of last year So approximately 400 thousand dollars even less than 400 thousand dollars per month But they lost the staggering 58 million dollars last year Let's compare this to Twitter or X X brought in a revenue of 3.4 billion in 2023 at this scale this would be like Twitter reporting a net loss of 47.6 billion dollars Which they came nowhere close to doing in other words the prospects for Trump media to To actually see success Seen fairly dim to me and the stock at evaluation of over 6 billion dollars is incredibly overvalued Unless I'm missing something,84.0,0,33.33,0.0,33.33,33.33,0.087,True,0.0158,0.0153,0.0,0.0765,1.0,True,False
7353052035056536875,51.0,30.2352941176471,True,True,True,2024-04-01T16:57:36,51,US,1162,4,9,16500,Replying to @Bigga,False,The COLDEST,stayinganti_,StayingAnti,94500,41,4200000,485,5906,False,,,,14551.0,9.0,1712015856.0,"['anime', 'narutoshippuden', 'naruto', 'sasuke', 'animeedit', 'narutoedit', 'sasukevsdanzo', 'animememe', '5kagesummit', 'stayinganti']",7.34432396299313e+18,US,3.0,,1024.0,stayinganti_,Replying to @Bigga argue with ya momma #naruto #narutoshippuden #sasuke #5kagesummit #sasukevsdanzo #narutoedit #animememe #animeedit #anime #stayinganti,,['13570937'],https://www.tiktok.com/@stayinganti_/video/7353052035056536875,2024,4,1,23.0,57.0,36.0,2024-04-01,23:57:36,./audio_files/@stayinganti__video_7353052035056536875.mp3," He just gets cooked for having anger issues and we move on, finding out Dodzo been cheating his whole time and using Kodo or Masu Kami. I'm a fool named and that's why he got picked. So Raikaya gets mad again like Dodzo is trying to use it on his girl or something. He's a lot of nowhere this. He's zez who just pops up in between everybody, making them all teased up. Then he leaks the fat his sausage already snuck in so y'all better get ready. Just for it just to get snatched up by the nick. But before we move on, I gotta show y'all one of the coldest pull ups I've ever seen. So nodzo after getting rejected is bad land on the flora's satter shit. Really listening to good buying good riddance. Until we really should talk. Naruto Uzumake. I didn't think I could get that hype from somebody literally saying on a balcony and talking. But Naruto is not playing heat instantly prior to Ratsunai on bone-up when it's out of the building just for moderate up hop up on the roof light. Lil bro, you know that don't work on me.",51.0,27,33.33,0.0,33.33,33.33,0.7894,True,0.1507,0.0889,0.0,0.4447,1.0,True,False
7353051982279576875,123.0,30.0569105691057,True,True,False,2024-04-01T16:57:18,123,US,32,5,13,4211,If TRUMP were a woman...,False,,photoshopsurgeonofficial,photoshopsurgeonofficial,303,1,5740,46,2,False,,,,4178.0,13.0,1712015838.0,"['usa', 'donaldtrump', 'trump', 'politics', 'photoshopsurgeon']",7.3530520882403e+18,US,5.0,,30.0,photoshopsurgeonofficial,If TRUMP were a woman... #Trump #DonaldTrump #Politics #USA  #PhotoshopSurgeon,,,https://www.tiktok.com/@photoshopsurgeonofficial/video/7353051982279576875,2024,4,1,23.0,57.0,18.0,2024-04-01,23:57:18,./audio_files/@photoshopsurgeonofficial_video_7353051982279576875.mp3, ... ... ... ... ... I'm going to do a little bit of the same thing. I'm going to do a little bit of the same thing. I'm going to do a little bit of the same thing. I'm going to do a little bit of the same thing. I'm going to do a little bit of the same thing. I'm going to do a little bit of the same thing. I'm going to do a little bit of the same thing. I'm going to do a little bit of the same thing. I'm going to do a little bit of the same thing. I'm going to do a little bit of the same thing. I'm going to do a little bit of the same thing. I'm going to do a little bit of the same thing. I'm going to do a little bit of the same thing. I'm going to do a little bit of the same thing. I'm going to do a little bit of the same thing.,123.0,51,33.33,0.0,33.33,33.33,1.0803,True,0.1154,0.0977,0.0,0.5367,0.75,False,False
7353051917129370923,10.0,17.1,True,True,False,2024-04-01T16:57:02,10,US,67,1,7,332,#womensrights,False,,atomic_dane,Jane,8073,9506,585000,5405,65100,False,,,,332.0,9.0,1712015822.0,"['womensrights', 'womensupportingwomen', 'biden2024', 'abortionisessentialhealthcare', 'abortionondemandandwithoutapology']",7.18230571073435e+18,US,1.0,,67.0,atomic_dane,#womensrights #womensupportingwomen #abortionisessentialhealthcare #abortionondemandandwithoutapology #biden2024,,,https://www.tiktok.com/@atomic_dane/video/7353051917129370923,2024,4,1,23.0,57.0,2.0,2024-04-01,23:57:02,./audio_files/@atomic_dane_video_7353051917129370923.mp3," Fuck them! Fuck the rumors! Fuck what they heard! Wait there, fucking monster man! And when you do, don't let that motherfucker go like this loop! Go after what you want!",10.0,0,62.5,0.0,62.5,62.5,0.0292,True,0.0423,0.0411,0.0,0.2131,1.0,False,False
7353051860728565034,413.0,20.5326876513317,True,True,False,2024-04-01T16:56:50,413,US,36,0,0,606,#duet with,False,...,gatiss234,cielo hermoso,3473,6964,34400,1059,2824,False,,,,604.0,0.0,1712015810.0,"['duet', 'laverdad']",7.349249263992e+18,US,0.0,,36.0,gatiss234,#duet with @Republicanlatina03 #laverdad,,,https://www.tiktok.com/@gatiss234/video/7353051860728565034,2024,4,1,23.0,56.0,50.0,2024-04-01,23:56:50,./audio_files/@gatiss234_video_7353051860728565034.mp3,"Buenos dÃ­as y feliz viernes, hoy es Round 2 de exponer a Carlos Eduardo Espina y como siempre voy a ser abogada de la verdad y con recibas y hechos exponer sus mentiras Â¡Vamos! Los que conocen a Carlos saben que Ã©l siempre se hace pasar como un gran fan de NaÃ¯t BukÃ©le, el presidente del Salvador se que ama todos los salvadores, especialmente al gran presidente NaÃ¯t BukÃ©le pero lo que no saben y hoy se da la luz, es la razÃ³n porque Carlos Eduardo Espina esconde la verdad de NaÃ¯t BukÃ©le si mis amigos es la verdad, Carlos es muy inteligente, sabe que si habla mal de NaÃ¯t BukÃ©le se estÃ¡ echando de cabeza 90% de todo el paÃ­s salvado de niÃ±o y como pruebas le voy a enseÃ±ar que todo esto es nada mÃ¡s y nada menos un show y esto muy fÃ¡cilmente se los puedo comprobar con la fecha 22 de febrero de 2024 cuando Carlos Espina el fan de NaÃ¯t BukÃ©le ni menciona el histÃ³rico momento cuando viene a NaÃ¯t BukÃ©le a dar un discurso hermoso en los Estados Unidos invitado por los republicanos en CIPA las piÃ±as de Azerbaijæ€– se han llegado y se ... la gu volunteering se seismÃ©n hasta su sustaining y se que saben las piÃ±as nos llames los ayudantes era algo que desplazhouse porque podemosniejse para vastas Hay que experimentar este Ğ½Ğ¸ĞºÑ‚Ğ¾ y aqui en los Estados Unidos. chains control suĞ³Ğ»Ğ¸Ğ¹Ã­a racistacles, valor skin campaigns, caracterÃ­sticas para aisjar a un aviso. Tienen las todas las pÃ¡sashthalaciones, las wedi SacuÃ¡n, en Osiz, no usamos su sistema judicial, a la polÃ­tica de propÃ³sito. A la prÃ¡ctica que se puede hacer, se puede hacer para ti, pero no lo hacemos ahÃ­. Â¿Y quÃ© es el dictador? Y por eso es con Dios este discurso carros espina de todos aquellos que los siguen, porque no querÃ­a que vieran las indirectas que le dio a Ibuquele a los demÃ³catas, a los Ã©lites, a los globalistas y a los que estÃ¡n atacando a Trump. Ã‰l le pendiÃ³ a Trump. Y por eso es con Dios el discurso. Por eso es con Dios todo el febrero 22 de la XIV que se trataba de NaÃ­buquele, porque le doliÃ³ viendo lÃ­ido, que NaÃ­buquele defiende el presidente Trump y defiende la voz del pueblo, que quiere a Ã©l como presidente. Y mÃ¡s hermoso que eso de defender al pueblo que quiere elegir a Trump, nos dejÃ³ con esto, por a Pafai, en Castellano, pongan una lucha, nos dio motivaciÃ³n a los conservadores que no nos dejemos intimidar, por ningÃºn comunista, ningÃºn Ã©lite en ningÃºn vendido, que seamos fuertes y firmes y luchemos por libertad. Y ahora vamos a ver por quÃ© carros espina hace lo que hace. MÃ¡nos y hermanas separadas por la mentira, pongan atenciÃ³n. Esto es lo que dice en espaÃ±ol. Cuando estÃ© fuera de la universidad, me gustarÃ­a trabajar para una organizaciÃ³n sin fines de lucro, y eventualmente me postulÃ© para un cargo. Quiere un cargo en los Estados Unidos en la polÃ­tica carros de la dospina y es toda la razÃ³n, porque hace lo que hace. Esto es la intenciÃ³n de Carlos Espina, que no crean que es algo mÃ¡s, que no es para los pobres, no es para esto, no es para el otro, no es para noticias de Ãºltima hora. Es todo para tener un cargo en la polÃ­tica. SÃ© los dije, mi gente. SÃ© los dije. Recuerdan cuando se leÃ³ la pelÃ­cula Sound of Freedom y me criticaron muchÃ­simo, ya que dije que la pelÃ­cula era muy importante y ya que he tocado un tema muy serio, pero que las personas detrÃ¡s de la pelÃ­cula eran personas que no me convencian, como que se estaban usando esta pelÃ­cula para lavar su imagen y planear algo mÃ¡s grande. Pues el tiempo me dio la razÃ³n, ya que el dÃ­a de hoy, Eduardo Verastig y productor de la pelÃ­cula oficialmente se inscribiÃ³ como candidato a la presidencia de MÃ©xico. AsÃ­ es, mi gente, usando la popularidad que Ã©l generÃ³ con la pelÃ­cula ahora se quiere lanzar para la presidencia. Y ahÃ­ es donde te das cuenta que lo de este tipo siempre era ambiciÃ³n para algo mÃ¡s. Y ya que como tiene un pasado muy oscuro y controversial, sabÃ­a que no se podÃ­a lanzar a la presidencia sin antes lavar su imagen. AsÃ­ que la suesta pelÃ­cula Sound of Freedom para que todos lo vieran como una persona buena y unos meses despuÃ©s lanza su candidatura. Pero bueno, mi gente, para que vean como dice el dicho, no se toma paso sin guaraje. Ahora, espero una disculpa por parte de todos aquellos que me criticaron y me querÃ­an cancelar por tener dudas sobre los productores de la pelÃ­cula. Â¿QuÃ© dirÃ¡n ahora? Â¿QuÃ© se puede esperar de un comunista vendido? Que no le importa los niÃ±os y nos sentes por eso te burlas de Eduardo Verastigui. Porque Ã©l sÃ­ los tiene puestos. Ã‰l sÃ­ dice sonido de libertad, parezco con estos crimes, los niÃ±os de Dios no estÃ¡n en venta. Y Ã©l quiere ser presidente para ayudar a mucha gente, a los mexicanos, a las madres mexicanas que pierdan a sus hijos, que tÃº, sin piedad, mientes que no estÃ¡n desaparecidos. Es un burlista. Y yo voy a comprobar que todo este tiempo le has mentido a la gente de todo, de niÃ±os desaparecidos, de tu padre comunista, de tu comunista. Y como esto, tÃº quieres tambiÃ©n estar en el cargo. Â¿QuÃ© hipÃ³crita? Â¿TÃº quieres soÃ±arte un dÃ­a despuÃ©s de que me graduÃ© tomar el cargo? Entonces, Â¿por quÃ© burlarte de Eduardo? Â¿TÃº estÃ¡s igual? Y al menos Ã©l lo hace por los niÃ±os. Â¿TÃº lo haces por Lana vendido comunista? Pero bueno, en lo positivo dÃ©jenme saber quÃ© es lo que piensan de round-2, porque aquÃ­ vamos a hacer como naÃ¯bu, que le nos dijo a todos los conservadores. El pueblo va a luchar y va a poner una pelea en contra todas las mentiras y todos los corruptos y vendidos. Y Carlos, como sÃ© que tuve todos mis videos y nunca mencionas nada porque tienes miedo, te voy a acarcon. Se tenÃ­a que decir y se dijo asÃ­ o mÃ¡s claro, sin pelos en la lengua. AhÃ­ pa' que te cuadres. Â¡Bye!",413.0,2,48.79,18.04,33.33,400.0,0.4274,True,0.0492,0.0447,0.0,0.3683,1.0,False,False
7353051840424103214,136.0,24.0147058823529,True,True,True,2024-04-01T16:56:45,136,US,18,0,2,939,Russian Ambassador...,False,YES NO,new_usa_2024,New usa 2024,63600,76,831600,633,48,False,,,,936.0,2.0,1712015805.0,"['america', 'viral', 'tiktok', 'foryou', 'trend', 'trumptrain', 'fypã‚·']",7.35305191441146e+18,US,0.0,,19.0,new_usa_2024,Russian Ambassador Says Improvement of America-Russia Relations Is â€œImpossibleâ€ Under Dementia Joe #trumptrain #america #foryou #viral #tiktok #trend #fypã‚· ,,,https://www.tiktok.com/@new_usa_2024/video/7353051840424103214,2024,4,1,23.0,56.0,45.0,2024-04-01,23:56:45,./audio_files/@new_usa_2024_video_7353051840424103214.mp3,"Zero hedge, Russian ambassador to the U.S. Anatoliy Antonov has issued a dire assessment of the current state of U.S.-Russia relations in an interview with Russia's Channel 1. He said that no one should expect relations with Washington to improve at all under President Joe Biden, and at one point even called the prospect impossible. You may have noticed some conservative sites and shows have dropped my pillow as a sponsor. They're getting more money from others, so they cast Mike Lindell aside. We will not stop supporting my pillow or my store. Please use promo code JDR to support them and us. Improvement of Russian U.S. relations seems to be impossible in the near future. What the current administration is focused on is how to stay in the Oval Office of the White House. He said in the interview, this strongly suggests Moscow is hoping for a new U.S. administration after November. They will not review their Russian policy because it will make it look like this policy had failed. Antonov added, his words come at a moment American public opinion is increasingly swaying against Biden's push to sink tens of billions of dollars more and defense aid into Ukraine, which has been a noticeable shift since at least early last year. Moscow has briefly held out hope that given some of the momentary goodwill, shown by the West in the wake of last Friday's crocus, City Hall terrorist attack which left at least 140 dead, there might be an improvement. Improvement of ties, at least in terms of restoring cooperation on common interests, like counterterrorism efforts. The United States strongly condemns yesterday's deadly terrorist attack in Moscow, Secretary of State Antony Blinken had said in a Saturday statement, we condemn terrorism in all its forms and stand in solidarity with the people of Russia, in grieving the loss of life from this horrific event. The Lenko Ambassador Antonov explained that he had expected a senator or a congressman to at least pay a condolence visit to the Russian embassy, given the enormity of last Friday's terror attack. But nothing like this happened. He then noted that the State Department sent a minor official who is not a foreign policy decision maker.",136.0,20,41.67,0.0,41.67,41.67,0.7451,True,0.0163,0.0101,0.0,0.0516,0.75,True,False
7353051820677156126,20.0,30.45,True,True,False,2024-04-01T16:56:41,20,US,232,3,19,1700,ğŸ–¤ğŸƒ,False,,barbiesclutch,barbiesclutch,11700,2075,837800,278,13200,False,,,,1541.0,19.0,1712015801.0,"['nickiminaj', 'photoshoot', 'videostar', 'quality', 'magazine', 'yeat', 'gagcity', 'vibemagazine', 'pinkfriday2']",7.35305187774078e+18,US,2.0,,225.0,barbiesclutch,ğŸ–¤ğŸƒ | #PinkFriday2 #nickiminaj #videostar #yeat #gagcity #vibemagazine #magazine #photoshoot #quality,,,https://www.tiktok.com/@barbiesclutch/video/7353051820677156126,2024,4,1,23.0,56.0,41.0,2024-04-01,23:56:41,./audio_files/@barbiesclutch_video_7353051820677156126.mp3,ogenic similar disturbing,20.0,15,33.33,0.0,33.33,33.33,0.8963,True,0.175,0.1113,0.0,0.3666,0.5,False,False
7353051750653250859,15.0,30.0,True,True,False,2024-04-01T16:56:21,15,US,13,1,0,102,#voteblue2024ğŸ’™,False,âœ¨ I just uploaded a new profile photo,luluscloud3,Luluscloud,1725,7188,6634,230,35500,False,,,,90.0,0.0,1712015781.0,"['fyp', 'womensrightsarehumanrights', 'abortionrights', 'fordemocracy', 'womensriggts', 'voteblue2024ğŸ’™', 'lgbqiaplusrights']",6.83572465222497e+18,US,0.0,,11.0,luluscloud3,#voteblue2024ğŸ’™ #fyp #fordemocracy #womensrightsarehumanrights  #lgbqiaplusrights #abortionrights #womensriggts,,,https://www.tiktok.com/@luluscloud3/video/7353051750653250859,2024,4,1,23.0,56.0,21.0,2024-04-01,23:56:21,./audio_files/@luluscloud3_video_7353051750653250859.mp3," Wake up, wake up America, before it's too late. They're trying to make you...",15.0,0,33.33,0.0,33.33,33.33,0.028,True,0.0799,0.0357,0.0,0.1719,1.0,False,False
7353051738112412974,152.0,30.125,True,True,False,2024-04-01T16:56:22,152,PK,49,1,0,385,#foryou,False,Ø«ÙˆØ§Ø¨ Ú©ÛŒ Ù†ÛŒØª Ø³Û’ Ø´Ø¦ÛŒØ± Ú©Ø±Ù†Ø§ Ù¾Ù„ÛŒØ²ğŸ™,momna_afg,Islamic talking,17400,265,260500,395,5825,False,Bannu Gull,"Islamabad, Islamabad, Pakistan",Islamabad,384.0,0.0,1712015782.0,"['allahuakbar', 'foryou', 'foryourpage', 'standwithkashmir', '2024election', 'fypã‚·ã‚šviral', 'islamic_ğŸ•‹acount', 'complete100kviewğŸ™']",7.35294228262821e+18,US,1.0,,49.0,islamic__way18,#foryou #foryourpage #2024election #Complete100kviewğŸ™ #allahuakbar #fypã‚·ã‚šviral #@pabbi King #@ğŸ‘‘ KARAK KING ğŸ‘‘ #@AYAN_DAWAR ğŸ”¥ #Islamic_ğŸ•‹acount #standwithkashmir,,,https://www.tiktok.com/@islamic__way18/video/7353051738112412974,2024,4,1,23.0,56.0,22.0,2024-04-01,23:56:22,./audio_files/@islamic__way18_video_7353051738112412974.mp3, Ø¢ÛŒØªØ§Ø³Øª Ù¾Ù¾ØªØ´ØªØª Ø¯Ø±ÛŒ Ú©Ø³Ø§Ù† Ø¯Ø§Ø²ÛŒØ± Ø³ÛŒØ§Ù„Ø§ Ø¯Ø§Ù†ÛŒÙˆÙ…Ù†Ø² Ù†Ú©Ø¨Ù„ÛŒ Ù¾Ø¨ Ù„ÛŒØ¯Ø± Ø¯ÛŒØ±Ù„Ø± Ø§Ø®Ø¨Ø±Ø§ Ø­Ø¯ÛŒØ³ Ú©ØªØ§Ù… Ø±Ø§Ø²ÛŒ Ø´Ø¯Ø¯ Ø¯Ø± Ø¯Ø± Ø¯Ø± Ø¢Ù…ÙˆÙ†Ø² ÛŒØ§ Ù…Ù„ÛŒØ´Ù… Ú†Ú©Ù… Ø¯Ø± Ø¨Ø±Ø§ Ù†Ø²ÛŒØ¯Ø± Ø±ÛŒ Ø³Ø± Ù†Ú†Ù„Ø§ ØªØ§ Ù¾ÛŒØ´ Ú©Ø±Ù„ÛŒØ´ÛŒ Ú†Ù„Ø§ ØªÙ† Ù¾ÛŒØ´ Ú©Ø±Ù„ÛŒØ´ÛŒ Ú©ÛŒ Ø¯Ø¹Ø§Ù…Ù† Ø¯Ø²Ø§Ø¦ÛŒ Ø³ÙˆØ§Ø¨ Ù¾ÛŒØªØ§ Ø¯Ø§Ù†ÛŒ Ù…ÛŒÙ„Û’ Ú©ÛŒ Ø§ØµÛŒØ¨ Ø¨Ø²Ø§Ù† Ø®Ú©ØªØ§ Ø¨Ø±Ø§Ø³ØªÙ„ÛŒ Ø¨Ùˆ Ù„ÛŒÚ©Ù† Ù…Ù†ØªÙˆ Ø¨ÛŒ Ø³ÙˆØ§Ø¨ Ù†Ù…ÛŒÙ„Û’ Ù…ÛŒÙ„Û’ Ø§ÛŒÙ†Ú©ØªÙ† Ø¯Ø±ÛŒÙ‡ Ø§Ú¯Ù„ ØªÙˆ Ú©ÛŒ Ø§Ø®ØªØ§Ø¦ÛŒ Ø¯Ø±ÛŒÙ‡ Ú¯Ù„ ØªÙˆ Ú©ÛŒ Ù¾Ø±ÙˆØª Ø²Ø§Ù†ØªÛŒ Ùˆ Ø¨Ø§Ø²ÙˆØ§Ø±Ù†ÛŒÙˆÙ…Ù†Ø² Ù†Ú©Ø¨ÙˆÙ† Ù†Ù…ÛŒÙ„ Ø§ØµÛŒØ¯Ø§Ù† Ø³ØªØ±Ù‡ Ø§ØµÛŒØ¹ÛŒ Ø¨Ø§Ù†Øª Ú©ÛŒ Ø§ØµÛŒØ¯Ø§Ù† Ø³ØªØ±Ù‡ Ø¯Ø± Ù‡Ø§Ø²ØªØ§Ø³Øª Ø§ØºØ¯Ø±ÛŒÙƒ Ø³Ù†Ø®Ù… Ù‡Ø¯ÛŒØ³ Ø¨Ø§ÛŒØ±Ù† ØªØ§Ø³ØªØ±Ù‡ Ø¨Ú©Ù†Ø§Ù† Ø±ÛŒÙ† Ù…Ø®ÛŒØ§Ø¨ÛŒ Ø§Ú¯Ù„ÛŒÙƒÙ… Ø³Ù†Ú¯Øª ØªÙˆ Ø¨Ø§ÛŒÙ„Øª Ø²ÛŒØ¯Ù‡ Ù‡Ù„Ú©Ø± Ù†Ù…Ø´Ø´Ø´ Ø¯Ù…Ø§Ù† Ø¯Ø§ Ø¹Ù…Ø§Ù†Ù‡ Ø¨Ù„Ø¯Ø±ÛŒ Ø§Ù„Ù„Û Ù…Ø§ Ù†Ø±Ø§Ø¬Ù‡ Ø²Ø§ÛŒØ¯Ù†Ø´Ø´ Ø¯Ù…Ø§Ù† Ù…Ù†Ø²ÙˆÙ†Ø¯Ù‡ Ù‚Ø¨Ù„ÛŒÚ¯ÛŒ Ø¯Ù…Ø§Ù† Ø§ÛŒ Ø¨Ø§Ù†ØªÙ‡ Ù‚Ø¨Ù„ÛŒÚ¯ÛŒ ØªØ§Ù†Ø³ Ø¨Ø¯Ø§ Ø®Ø§Ø± Ù…ØµÙ„Ù…Ø§Ù† Ø¯Ø§ Ø¨Ø§Ø±Ù‚ÙˆÙ‡ÙˆÙ† Ø¯Ø§ Ø¨Ø§ÛŒÙ„ÛŒÙˆ Ø´Ø±Ú©ÚˆÛŒÙˆ Ùˆ Ù…ØµÙ„Ù…Ø§Ù† Ø¯ÙˆØ±Øª Ùˆ Ø¯Ø§ Ø­Ø¯ÛŒØ³ Ø±Ø³ÛŒØ¯Ù„ÛŒÙˆÛŒ Ø§ØºØ¨Ùˆ Ø¨ÛŒ Ø¹Ù…Ù„ Ù‚Ù„ÛŒÙ…ÛŒ Ø¯ÛŒØºÙ„ØªÙˆÙ†Ù‡ Ù…Ø²Ø§Ù†Ø± Ùˆ Ù‚Ù„ÛŒÙ…ÛŒ Ø¯ÛŒÚ¯Ù… Ø³Ù„Ù…Ø§Ù† Ù…Ù†ÙˆÙ† Ùˆ Ù‚Ù„ÛŒÙ…ÛŒ Ø¯ÛŒØºÙ„ØªÙˆÙ†Ù‡ Ù¾ØªÙˆ Ø§ØªØ±Ø´ØªØ¯Ù‡ ØºØ±ÛŒØ¨Ø§Ù†Ø§Ù† Ù†Ùˆ Ø¯Ø§ Ø¨Ø§ Ø±Ø³ÙˆÙ¾ Ø¯ÛŒØ¨ÙˆÙ†ÛŒØ§Ù† Ù…Ù†Ø¬Ø§Ø¬Ù‡ÛŒØª Ùˆ Ù¾ØªÙ„ Ø§Ú¯Ø¯ÛŒÙ…ÛŒ Ø¯ÛŒÚ¯Ù… Ù†Ø§ Ù‡ÙˆÙ†Ù† Ù…Ø²Ø§Ù†Ø± Ø§ÛŒÙ…Ø´ØªØ¯ÛŒÙ…ÛŒ ØªÙˆ Ù†Ù…Ø±Ø¨ØªØ§Øª Ø¯Ùˆ Ø¹Ù‚ÛŒÙ‚ ØªØ³ØªØ§Ø¨Ù‡ Ø²Ø±ÛŒØ§Ø¨Ø§Ù†ÛŒ Ú¯ÙˆØ±ÛŒÙˆ Ùˆ Ø±Ø³ÛŒØ¯Ù„ÛŒÙˆ Ø¯Ø§ Ø¨Ø§ Ø¯Ùˆ Ø¹Ù‚ÛŒÙ‚ÛŒØ´ Ù…ÙˆÛŒØ¯ÛŒÙˆ Ú†ÙˆØ±Ø§Ú©ÛŒ Ù†Ùˆ Ø¯Ùˆ Ø¹Ø§Ø¬Ù‚ Ù…Ø¯Ùˆ Ø§Ø®ÙˆÛŒÙˆ Ø´Ø±Ú© Ø±Ø²ÛŒØ¯ ØªØ³ØªØ§Ø¨Ù‡ Ø§ØºØ¯Ø±ÛŒÙ‚ Ø³Ù†Ø®ÛŒÙ… Ù‡Ø¯Ø± Ø¨Ù„ÛŒØ¨Ù† Ø¹Ø¨Ø§Ø³ Ø±Ø²ÛŒØ¯ ÛŒØ§ Ù…Ø§ Ù‡Ø¯Ø± Ù…Ø§ Ø§ÙØ±Ù…Ø§Ø¦ÛŒ Ú†ØªØ¯Ø±ÛŒÙ‚ Ø³Ù† Ø¯Ø§Ø´Ø±ÛŒ Ú†ÛŒÙ„Ù„Ø§ Ø¯Ø§ Ú¯ÛŒÙ…ÛŒ Ù…Ø²Ø§Ù†Ø± Ø§ÛŒÙ…Ø´ØªØ¯ÛŒÙ… Ø§Ù„Øª Ù¾Ø´Ú©ÛŒÚ¯ÛŒÙ†Ø§ Ù„Ø³Ø± Ù†ÛŒÙˆ Ù„ÛŒØ´ Ø¨Ø§Ø± Ø²ÛŒÙ†Ø§ Ø§Ù„Ù„ÛŒØ±Ù†Ù†Ù† Ù†Ùˆ Ù„ÛŒ Ù‡Ø§Ø²Ø§ Ø§ØºØ¯Ø±ÛŒÙ‚ Ø³Ù†ÛŒ Ú©Ù‡ Ù¾Ù„ Ø§ØºØ²Ø§Ù†Ø§Ù†Ø§Ù†Ø§Ù†Ø§Ù†Ø§Ù†Ø§Ù†Ø§Ù†Ø§Ù†Ø§Ù†Ø§Ù†Ø§Ù†Ø§Ù†Ø§Ù†Ø§Ù†Ø§Ù†Ø§Ù†Ø§Ù†Ø§Ù†Ø§Ù†Ø§Ù†Ø§Ù†Ø§Ù†Ø§Ù†Ø§Ù†Ø§Ù†Ø§Ù†Ø§Ù†Ø§Ù†Ø§Ù†Ø§Ù†Ø§Ù†Ø§Ù†Ø§Ù†Ø§Ù†Ø§Ù†Ø§Ù†Ø§Ù†Ø§Ù†Ø§Ù†Ø§Ù†Ø§Ù†Ø§Ù†Ø§Ù†Ø§Ù†Ø§Ù†Ø§Ù†Ø§Ù†Ø§Ù†Ø§Ù†Ø§Ù†Ø§Ù†Ø§Ù†Ø§Ù†Ø§Ù†Ø§Ù†Ø§Ù†Ø§Ù†Ø§Ù†Ø§Ù†Ø§Ù†Ø§Ù†Ø§Ù†Ø§Ù†Ø§Ù†Ø§Ù†Ø§Ù†Ø§Ù†Ø§Ù†Ø§Ù†Ø§Ù†Ø§Ù†Ø§Ù†Ø§Ù†Ø§Ù†Ø§Ù†Ø§Ù†Ø§Ù†Ø§Ù†Ø§Ù†Ø§Ù†Ø§Ù†Ø§Ù†Ø§Ù†Ø§Ù†Ø§Ù†Ø§Ù†Ø§Ù†Ø§Ù†Ø§Ù†Ø§Ù†Ø§Ù†Ø§Ù†Ø§Ù†Ø§Ù†Ø§Ù†Ø§Ù†Ø§Ù†Ø§Ù†Ø§Ù†Ø§Ù†Ø§Ù†Ø§Ù†Ø§Ù†Ø§Ù†Ø§Ù†Ø§Ù†Ø§Ù†Ø§Ù†Ø§Ù†Ø§Ù†Ø§Ù†Ø§Ù†Ø§Ù†Ø§Ù†Ø§Ù†Ø§Ù†Ø§Ù†Ø§Ù†Ø§Ù†Ø§Ù†Ø§Ù†Ø§Ù†Ø§Ù†Ø§Ù†Ø§Ù†Ø§Ù†Ø§Ù†Ø§Ù†Ø§Ù†Ø§Ù†Ø§Ù†Ø§Ù†Ø§Ù†Ø§Ù†Ø§Ù†Ø§Ù†Ø§Ù†Ø§Ù†Ø§Ù†Ø§Ù†Ø§Ù†Ø§Ù†Ø§Ù†Ø§Ù†Ø§Ù†Ø§Ù†Ø§Ù†Ø§Ù†Ø§Ù†Ø§Ù†Ø§Ù†Ø§Ù†Ø§Ù†Ø§Ù†Ø§Ù†Ø§Ù†Ø§Ù†Ø§Ù†Ø§Ù†Ø§Ù†Ø§Ù†Ø§Ù†Ø§Ù†Ø§Ù†Ø§Ù†Ø§Ù†Ø§Ù†Ø§Ù†Ø§Ù†Ø§Ù†Ø§Ù†Ø§Ù†Ø§Ù†Ø§Ù†Ø§Ù†Ø§Ù†Ø§Ù†Ø§Ù†Ø§Ù†Ø§Ù†Ø§Ù†Ø§Ù†Ø§Ù†Ø§Ù†Ø§Ù†Ø§Ù†Ø§Ù†Ø§Ù†Ø§Ù†Ø§Ù†Ø§Ù†Ø§Ù†Ø§Ù†Ø§Ù†Ø§Ù†Ø§Ù†Ø§Ù†Ø§Ù†Ø§Ù†Ø§Ù†Ø§Ù†Ø§Ù†Ø§Ù†Ø§Ù†Ø§Ù†ÑĞ° Ø§ÙØ³ Ø¨Ù†ÛŒØ§Ø¯ Ù…Ø§Ù„ÛŒØª Ù…ÙØªØ¯ÛŒÙ… Ø®Ø§ÙÙˆÛŒ Ø®ÙˆØ¶ÛŒÙ‡ Ù¾Ø²ÙˆØ±Ù‡ Ø§Ù„Ø¯ÙŠÙ…Ø§Ù… Ø§ØªÙÛŒÙ‡ Ø§Ø¹Ø²Ø§Ø¯ Ø¯Ù…ÙˆÙ† Ù†Ù‚Ø¨ÛŒÙ‡ Ù†ÙˆØºØ§Ù„ÙƒÙ… Ù…Ù†Ø¬Ù… Ø®Ø±Ø§Ø¨ÛŒ Ù†Ù‚Ø¨ÛŒÙ‡ Ù†Ù‚Ø¨ÛŒÙ‡ Ù†Ù‡Ø§Ø² Ø§Ø¹Ø¨ÛŒÙ„ÙƒÙ… ØªÙ„Ø¹Ø¨ÛŒÙ„ Ø§ÙˆØ´ÛŒÙˆÛŒ Ø§ÙˆØ´ÛŒÙˆÛŒ Ù…Ø®ØªÙ… Ø±Ø¬Ø± Ø§ÙØ±ÛŒÙ† Ø§Ù‚Ø¨ÛŒÙ‡ Ù†ÛŒØ§Ø¯ Ù…Ø§Ù„ÛŒØ´Ø±Ú©ÛŒ Ø§ØªÙÛŒÙ‡ Ù†Ù‚Ø¨ÛŒÙ‡ Ù†Ù‚Ø¨ÛŒÙ‡ Ù†Ù‚Ø¨ÛŒÙ‡ Ù†Ù‚Ø¨ÛŒÙ‡ Ù†Ù‚Ø¨ÛŒÙ‡ Ù†Ù‚Ø¨ÛŒÙ‡ Ù†Ù‚Ø¨ÛŒÙ‡ Ù†Ù‚Ø¨ÛŒÙ‡ Ù†Ù‚Ø¨ÛŒÙ‡ Ù†Ù‚Ø¨ÛŒÙ‡ Ù†Ù‚Ø¨ÛŒÙ‡ Ù†Ù‚Ø¨ÛŒÙ‡ Ù†Ù‚Ø¨ÛŒÙ‡ Ù†Ù‚Ø¨ÛŒÙ‡ Ù†Ù‚Ø¨ÛŒÙ‡ Ù†Ù‚Ø¨ÛŒÙ‡ Ù†Ù‚Ø¨ÛŒÙ‡ Ù†Ù‚Ø¨ÛŒÙ‡ Ù†Ù‚Ø¨ÛŒÙ‡ Ù†Ù‚Ø¨ÛŒÙ‡ Ù†Ù‚Ø¨ÛŒÙ‡ Ù†Ù‚Ø¨ÛŒÙ‡ Ù†Ù‚Ø¨ÛŒÙ‡ Ù†Ù‚Ø¨ÛŒÙ‡ Ù†Ù‚Ø¨ÛŒÙ‡ Ù†Ù‚Ø¨ÛŒÙ‡ Ù†Ù‚Ø¨ÛŒÙ‡ Ù†Ù‚Ø¨ÛŒÙ‡ Ù†Ù‚Ø¨ÛŒÙ‡ Ù†Ù‚Ø¨ÛŒÙ‡ Ù†Ù‚Ø¨ÛŒÙ‡ Ù†Ù‚Ø¨ÛŒÙ‡ Ù†Ù‚Ø¨ÛŒÙ‡ Ù†Ù‚Ø¨ÛŒÙ‡ Ù†Ù‚Ø¨ÛŒÙ‡ Ù†Ù‚Ø¨ÛŒÙ‡ Ù†Ù‚Ø¨ÛŒÙ‡ Ù†Ù‚Ø¨ÛŒÙ‡ Ù†Ù‚Ø¨ÛŒÙ‡ Ù†Ù‚Ø¨ÛŒÙ‡ Ù†Ù‚Ø¨,152.0,77,33.34,0.49,33.33,66.67,1.8347,True,0.0157,0.0115,0.0,0.0753,1.0,False,False
